{"predict_data": [{"fighter_kd_differential": 0.3636363636363636, "fighter_str_differential": -32, "fighter_td_differential": -0.1818181818181818, "fighter_sub_differential": 1, "fighter_winrate": 0.6363636363636364, "fighter_winstreak": 0, "fighter_totalfights": 11, "fighter_totalwins": 7, "fighter_titlefights": 2, "opponent_kd_differential": -0.1428571428571428, "opponent_str_differential": -7.285714285714286, "opponent_td_differential": -0.2857142857142857, "opponent_sub_differential": 0.4285714285714285, "opponent_winrate": 0.5, "opponent_winstreak": 0, "opponent_totalfights": 14, "opponent_totalwins": 7, "opponent_titlefights": 2, "fighter_dob": 1991, "opponent_dob": 1987, "result": "unknown", "predicted_result": "loss", "probability_draw": 7.996045654112273e-06, "probability_loss": 0.6103049116103864, "probability_nc": 0.0014006555008353515, "probability_win": 0.38828643684312414}], "class_probabilities": [[7.996045654112273e-06, 0.6103049116103864, 0.0014006555008353515, 0.38828643684312414]]}