{"predict_data": [{"fighter_kd_differential": 0.3636363636363636, "fighter_str_differential": -32, "fighter_td_differential": -0.1818181818181818, "fighter_sub_differential": 1, "fighter_winrate": 0.6363636363636364, "fighter_winstreak": 0, "fighter_totalfights": 11, "fighter_totalwins": 7, "fighter_titlefights": 2, "opponent_kd_differential": 0.3571428571428571, "opponent_str_differential": 38.464285714285715, "opponent_td_differential": -0.5714285714285714, "opponent_sub_differential": 0.25, "opponent_winrate": 0.75, "opponent_winstreak": 2, "opponent_totalfights": 28, "opponent_totalwins": 21, "opponent_titlefights": 9, "fighter_dob": 1991, "opponent_dob": 1991, "result": "unknown", "predicted_result": "loss", "probability_draw": 1.2575558460665288e-05, "probability_loss": 0.8675466534144183, "probability_nc": 0.0045764988696397405, "probability_win": 0.12786427215748114}], "class_probabilities": [[1.2575558460665288e-05, 0.8675466534144183, 0.0045764988696397405, 0.12786427215748114]]}